<?xml version="1.0"?>
<BundleData>
  <bundleItemsData>
    <bundleItemData itemId="861ac5fe-b571-4015-a55d-bf63e400e1e7" dataTypeName="Sage.Platform.Projects.Localization.ResourcePackageCollection, Sage.Platform.Projects">
      <ArrayOfResourcePackage xmlns:xsi="http://www.w3.org/2001/XMLSchema-instance" xmlns:xsd="http://www.w3.org/2001/XMLSchema" />
      <ArrayOfString xmlns:xsi="http://www.w3.org/2001/XMLSchema-instance" xmlns:xsd="http://www.w3.org/2001/XMLSchema" />
    </bundleItemData>
    <bundleItemData itemId="f8923dd2-079e-427b-af12-bf6f5e444322" dataTypeName="Sage.Platform.Projects.Localization.ResourcePackageCollection, Sage.Platform.Projects">
      <ArrayOfResourcePackage xmlns:xsi="http://www.w3.org/2001/XMLSchema-instance" xmlns:xsd="http://www.w3.org/2001/XMLSchema" />
      <ArrayOfString xmlns:xsi="http://www.w3.org/2001/XMLSchema-instance" xmlns:xsd="http://www.w3.org/2001/XMLSchema" />
    </bundleItemData>
    <bundleItemData itemId="a6d55ba6-d185-40ea-81d5-15c5e140dc4e" dataTypeName="Sage.Platform.Projects.Localization.ResourcePackageCollection, Sage.Platform.Projects">
      <ArrayOfResourcePackage xmlns:xsi="http://www.w3.org/2001/XMLSchema-instance" xmlns:xsd="http://www.w3.org/2001/XMLSchema" />
      <ArrayOfString xmlns:xsi="http://www.w3.org/2001/XMLSchema-instance" xmlns:xsd="http://www.w3.org/2001/XMLSchema" />
    </bundleItemData>
    <bundleItemData itemId="518351c3-c2a1-4e88-8f1c-e26cfbf31ae8" dataTypeName="Sage.Platform.Projects.Localization.ResourcePackageCollection, Sage.Platform.Projects">
      <ArrayOfResourcePackage xmlns:xsi="http://www.w3.org/2001/XMLSchema-instance" xmlns:xsd="http://www.w3.org/2001/XMLSchema" />
      <ArrayOfString xmlns:xsi="http://www.w3.org/2001/XMLSchema-instance" xmlns:xsd="http://www.w3.org/2001/XMLSchema" />
    </bundleItemData>
    <bundleItemData itemId="57af2bd8-4112-4b77-858a-e8453cf29468" dataTypeName="Sage.Platform.Projects.Localization.ResourcePackageCollection, Sage.Platform.Projects">
      <ArrayOfResourcePackage xmlns:xsi="http://www.w3.org/2001/XMLSchema-instance" xmlns:xsd="http://www.w3.org/2001/XMLSchema" />
      <ArrayOfString xmlns:xsi="http://www.w3.org/2001/XMLSchema-instance" xmlns:xsd="http://www.w3.org/2001/XMLSchema" />
    </bundleItemData>
  </bundleItemsData>
  <bundleActionsData />
  <deletedItemData />
</BundleData>